## Numbers (related to volume)
0.05,50
0.1,100
0.2,200
0.25,250
0.375,375
0.5,500
0.7,700
0.75,750
1,1000
1.5,1500
3.0,3000
4.5,4500

## A
auchentoshan,ахентошен,ахентошан,ахентошн,охентошн,охентошен,ошнтошн,ошентошен
ardbeg,ардбег
american,американ,америкен,америкэн
ale,ель,эль,але

## B
balvenie,balveni,балвени,балвение,балвені,балвеніе
bushmills,bushmill's,bushmils,башмиллз,башмиллс,башмилс,башмилз,бушмиллз,бушмиллс,бушмилс,бушмилз,бушмiллс,бушмілз,бушмілс
ballantine's,ballantines,balantines,ballantine,balantine,балантайн,баллантайн,балантайнз,баллантайнз,балантайнс,баллантайнз
ballantruan,balantruan,балантруан,баллантруан
bowmore,боумор,бовмор,бовморе,боуморе,бомо,бомор,боумо,бовмо
bell's,bell,bells,белз,белс,беллс,беллз,бэлс,белз,бэллс,бэллз
benriach,ben riach,бенриах,бенриач,бен рич
bannister,banister,bannis,bannist,баннистер,банистер
batch,бетч,батч,бач
black,блек,блэк,блак
blue,блу,блуе,блю
blend,blended,бленд,блэнд,блендед
bird,берд,бёрд,бьорд
bush,баш,буш
barrel,barel,баррель,баррел,барел
buffalo,буфало,буффало,бафало,баффало
bourbon,borbon,burbon,бурбон
beam,бим
benchmark,бенчмарк
bridge,бридж

## C
chivas,чивас,шивас
cask,каск
carribean,caribean,каррибиан,каррибиен,каррибеан,карибеан,карибиен,карибиан
cavanagh,каванах,кавана
craft,крафт
canadian,канадиан
cardhu,карду,кардю,кардху
club,клаб,клуб
clan,клан,клэн
clynelish,клайнелиш
claymore,клеймор,клэймор,клэймоур,клеймоур
cherry,черри,чери,чэри,чэрри
cutty,кати,катти,кути,кутти
collie,колли,коли,коллие

## D
dewar's,dewar,dewars,deward's,deward,dewards,дюарс,дюварс,дювардс,дюарз,дювард,дюварз,дювардз
doublewood,даблвуд
double,дабл
dew,дю,дью
daniels,daniel's,денилз,дениел,дениелс,дэнилз,дэниел,дэниелс,дэниэлз,дэниэлс
dufftown,дафтавн,даффтавн,даффтаун,дафтаун
distillery,distilery,distileri,дистилери,дистиллери

## E
extra,екстра,экстра
ellis,елис,элис,эллис
elgin,элгин,елгин,элжин,елжин

## F
fine,файн,фине
finest,файнест,финест
family,фемили,фамили,фемли
founder's,founder,founders,фаундер,фаундерз,фаундерс
famous,феймос,феймоус
fraser,фрезер,фрейзер,фрэйзер,фрэзер,фрэзэр,фрэйзэр
flannigans,flanigan,flanigans,фланиганс,фланиганз,фланниганз,фланниганс

## G
glen,глен,глэн
glenfiddich,glenfidich,гленфидич,гленфиддич,гленфидих,гленфиддих,гленфидик,гленфиддик
glenmorangie,glenmorangi,гленморанжи
glenlivet,гленливет
glenkinchie,glenkinchi,glenkinchy,гленкинчи,гленкичи
grant's,grants,грант,грантс
garioch,гариоч,гариош,гариох
gold,голд
gentleman,джентльмен,джентлмен
grouse,grous,граус,грауз,груз,грус

## H
hankey,hanky,ханки,ханке,ханкей
highland,хайленд,хайлэнд
horse,хорс,хорз,хорсе
honey,хани,хоней,хони,хані
hibiki,хибики
hakushu,хакушу,хакусю
hamiltons,hamilton,hamilton's,гамилтон,хамилтон,гамильтон,хамильтон,гамилтонс,гамилтонз,гамильтонс,гамильтонз,хамилтонс,хамилтонз,хамильтонс,хамильтонз

## I
isle,исле,айла
islay,айла
irishman,айришмен

## J
jameson,джеймисон,джемисон,джеймсон
johnny,jonnie,johnie,johnnie,джони,джонни
jura,джура,юра
jack,джек,джэк
jock,джок
jim,джим

## K
kilbeggan,килбеган,килбегган
kakubin,какубин
kentucky,kentuki,kentucki,кентукки,кентуки,кентаки,кентакки
kelvin,келвин,кэлвин
king,кинг
kindilan,киндилан	

## L
label,лейбел,лейбл,лабел
laphroaig,лафройг,лафроайг
lagavulin,лагавулин
lasanta,лазанта,ласанта
lauders,лодерс,лоудерс,лодэрс,лоудэрс
longmorn,лонгморн
lochnagar,локнагар,лохнагар,лочнагар
lowland,ловленд,лоуленд,лавленд,лауленд
lowson's,lowson,lowsons,ловсон,лоусон,ловсонз,лоусонз,лоусонс,ловсонс
lion,лайон,лион
limited,лимитед,лимитэд
leader,лидер,леадер
legend,легенд,ледженд

## M
macallan,macalan,макаллан,макалан
macgregor,макгрегор,макгрэгор
macarthur,macartur,macarturs,макартур,макартурз,макартурс
mcclellands,macclellands,маклеланд,макклеланд,маклелланд,макклелланд,маклеландс,макклеландс,маклелландс,макклелландс,маклеландз,макклеландз,маклелландз,макклелландз
malt,молт,малт
master's,master,masters,мастерс,мастерз,мастер
maker's,makers,maker,мейкерз,мейкер,мейкерс
mark,марк
most,мост
mackay,mackey,маки,макки,макай,маккай,макей,маккей
major,межор,мажор,мейжор,мэйжор,мейдже,мэйдже
match,мач,матч

## N
nectar,нектар

## O
oak,оак,оук,ок
own,оун,овн
old,олд
origin,ориджин,орижин
original,оригинал,орижинал,ориджинал
oban,обан

## P
portwood,портвуд
platinum,платинум,платінум
peel,пил
pipe,пайп
park,парк
passport,pasport,пасспорт,паспорт
pitterson,piterson,питерсон,питэрсон,питтерсон,питтэрсон

## Q
quarter,квартер,куартер,кварте,квоте
quinta,квинта
quanta,кванта,куанта
queen,квин,куин

## R
regal,ригал,регал
reserve,ресерве,резерв
ruban,рубан
rich,рич
rings,рингз,рингс
red,ред,рэд
road,род,роад
roger's,rogers,roger,роджерс,роджер,роджерз
royal,ройал,ройял,роял
rocks,rock,рокс,рокз
robert,роберт,робэрт
ridgemont,риджмонт

## S
signature,сигначе,сигначер,сигнатуре,сигначур
sir,сир,сер,сэр
skye,скай
single,singl,сингле,сингл
small,смол,смолл
smuggler,смаглер,смагглер,смоглер,смогглер
special,специал,спешиал,спешил,спешал,спэшил,спэшал,спэшиал
singleton,синглетон,синглтон
silver,сильвер,силвер
select,селект
sherry,шерри,шери,шэри,шэрри
suntory,suntori,сантори
stag,стаг,стег,стэг
sark,сарк
scottish,scotish,scotty,скотиш,скоттиш,скотти
scotland,скотланд,скотленд,скотлэнд
scots,скот,скотс,скотз
storm,сторм,шторм
straight,стрейт,стрэйт
strathglen,srtathglen,стратглен

## T
the,зе
tree,три
talisker,талискер
tullamore,туламор,тулламор,тюламор,тюлламор
trace,трейс
teacher's,teacher,teachers,тичер,тичерз,тичерс
tomintoul,томинтул
tomatin,томатин
turkey,турки,терки,тёрки,тёки,туркей
tavern,таверн

## U

## V
vat,ват,вот

## W
walker,вокер,волкер,уокер,уолкер
wanted,wonted,вонтед,вонтэд,вантед,вантэд
woodford,вудфорд
white,уайт,вайт
whyte,whate,уайт,вайт
william,уильям,вильям
wild,валд,вайлд,уайлд,вилд,уилд

## X

## Y
yamazaki,ямазаки,йямазаки

## Z
